<?xml version="1.0" encoding="UTF-8"?>
<repomd xmlns="http://linux.duke.edu/metadata/repo" xmlns:rpm="http://linux.duke.edu/metadata/rpm">
 <revision>1665612931</revision>
<data type="filelists">
  <checksum type="sha256">1a326b5d002b8cc44372937f23d990065728825fbdeca102305115c283720e50</checksum>
  <open-checksum type="sha256">ac75ca789ee186f3135226ec9078e2f25977ac292a1fea67e686d4a883e1e22e</open-checksum>
  <location href="repodata/1a326b5d002b8cc44372937f23d990065728825fbdeca102305115c283720e50-filelists.xml.gz"/>
  <timestamp>1665612931</timestamp>
  <size>2460</size>
  <open-size>28502</open-size>
</data>
<data type="primary">
  <checksum type="sha256">c5cebaf90f85fd24cf163ba541e4301f9db0e215d80c4207b51b53735b51866a</checksum>
  <open-checksum type="sha256">b706bac1a1282263b453588ff0e43eba3fa27a0953c336058007691ad59a5243</open-checksum>
  <location href="repodata/c5cebaf90f85fd24cf163ba541e4301f9db0e215d80c4207b51b53735b51866a-primary.xml.gz"/>
  <timestamp>1665612931</timestamp>
  <size>1052</size>
  <open-size>4155</open-size>
</data>
<data type="primary_db">
  <checksum type="sha256">50641cf2874de64005fc609bc1a77d134bb36eff7ef3077aaeb6b87fec97a246</checksum>
  <open-checksum type="sha256">d4e3460d4b3c82d9e49bc35d9fd1ce42164838c4af68a33d1fccf328a256d94a</open-checksum>
  <location href="repodata/50641cf2874de64005fc609bc1a77d134bb36eff7ef3077aaeb6b87fec97a246-primary.sqlite.bz2"/>
  <timestamp>1665612931</timestamp>
  <database_version>10</database_version>
  <size>2345</size>
  <open-size>23552</open-size>
</data>
<data type="other_db">
  <checksum type="sha256">a7641b5ddae624ca38a7a49bcd9a88386195c21b2e98f2dbe9892a296f323917</checksum>
  <open-checksum type="sha256">0c0ffb512f49d1bf4b303f6993bb065f35b6c3c3c468c8dafb963b5852a8313a</open-checksum>
  <location href="repodata/a7641b5ddae624ca38a7a49bcd9a88386195c21b2e98f2dbe9892a296f323917-other.sqlite.bz2"/>
  <timestamp>1665612931</timestamp>
  <database_version>10</database_version>
  <size>800</size>
  <open-size>6144</open-size>
</data>
<data type="other">
  <checksum type="sha256">ed775b449e9e2b690b6828c10e1194d7585e1a48bfcead3f25caf77e716bd421</checksum>
  <open-checksum type="sha256">d2731d149df070216aabaf099981ae61c7cfbf8d76ae6c63f87a21c648652ee6</open-checksum>
  <location href="repodata/ed775b449e9e2b690b6828c10e1194d7585e1a48bfcead3f25caf77e716bd421-other.xml.gz"/>
  <timestamp>1665612931</timestamp>
  <size>345</size>
  <open-size>674</open-size>
</data>
<data type="filelists_db">
  <checksum type="sha256">ff926a23dbaaeae026f24f9b9b447185a40b1f15cda2e760c96b8597cc14f685</checksum>
  <open-checksum type="sha256">1eb06831fd284d1d62df0643a7eb35e3bc0e09bca20d002dc2d2bb9dc6f5f37e</open-checksum>
  <location href="repodata/ff926a23dbaaeae026f24f9b9b447185a40b1f15cda2e760c96b8597cc14f685-filelists.sqlite.bz2"/>
  <timestamp>1665612931</timestamp>
  <database_version>10</database_version>
  <size>3622</size>
  <open-size>18432</open-size>
</data>
</repomd>
