<?xml version="1.0" encoding="UTF-8"?>
<repomd xmlns="http://linux.duke.edu/metadata/repo" xmlns:rpm="http://linux.duke.edu/metadata/rpm">
 <revision>1666326899</revision>
<data type="filelists">
  <checksum type="sha256">0079b2cb1aa6c62d16a2506643f98a979162f05a5b72ea5b4bbb8c74670a8e03</checksum>
  <open-checksum type="sha256">fd64b53f855b325a04fb5326236e4e36a1717e084797a3fcac4a4012767dd5d6</open-checksum>
  <location href="repodata/0079b2cb1aa6c62d16a2506643f98a979162f05a5b72ea5b4bbb8c74670a8e03-filelists.xml.gz"/>
  <timestamp>1666326900</timestamp>
  <size>2497</size>
  <open-size>29078</open-size>
</data>
<data type="primary">
  <checksum type="sha256">c6e7e65b7d672a0d86872693c53df46a8ba511ec847d074e5595185675ccc0f0</checksum>
  <open-checksum type="sha256">0f1d8033c554e5292bcd10652bb4b13b77c7e43af1871f4cee575f8e2013193b</open-checksum>
  <location href="repodata/c6e7e65b7d672a0d86872693c53df46a8ba511ec847d074e5595185675ccc0f0-primary.xml.gz"/>
  <timestamp>1666326900</timestamp>
  <size>1053</size>
  <open-size>4155</open-size>
</data>
<data type="primary_db">
  <checksum type="sha256">da5001c5131160ff4ce6b5e1ee1851137b6d1b57b379ff83232598f606db03eb</checksum>
  <open-checksum type="sha256">d7efa88dbe7a521bbe73d9caedeb6b524a944e161acbb2810a3a6e88e9b177a1</open-checksum>
  <location href="repodata/da5001c5131160ff4ce6b5e1ee1851137b6d1b57b379ff83232598f606db03eb-primary.sqlite.bz2"/>
  <timestamp>1666326900</timestamp>
  <database_version>10</database_version>
  <size>2343</size>
  <open-size>23552</open-size>
</data>
<data type="other_db">
  <checksum type="sha256">60a16f56b52afcf10505f71b549bf52d828e7b92b310bdad13a9f107c95e0ee5</checksum>
  <open-checksum type="sha256">0c7200c5d07c5a56aa07b6b74934b7dae0e9a072f955db48139c63300ff526b8</open-checksum>
  <location href="repodata/60a16f56b52afcf10505f71b549bf52d828e7b92b310bdad13a9f107c95e0ee5-other.sqlite.bz2"/>
  <timestamp>1666326900</timestamp>
  <database_version>10</database_version>
  <size>805</size>
  <open-size>6144</open-size>
</data>
<data type="other">
  <checksum type="sha256">dc0f35b54e49484baae4dc1e111bcb2cffb7ec818d9082b70995d9d38ac1269c</checksum>
  <open-checksum type="sha256">ffb118bdca6e29d8591f8ba429c87890c9da05fcd4119eda535923027303d320</open-checksum>
  <location href="repodata/dc0f35b54e49484baae4dc1e111bcb2cffb7ec818d9082b70995d9d38ac1269c-other.xml.gz"/>
  <timestamp>1666326900</timestamp>
  <size>343</size>
  <open-size>674</open-size>
</data>
<data type="filelists_db">
  <checksum type="sha256">b7f76aec921aa1893350262fad2b7d3d4286442cae26b67c53bbeb79191ac0c5</checksum>
  <open-checksum type="sha256">c1fcffbcb4cd9fc03d3765aff5733f4ac89ab33b702887215945cce5086dcf18</open-checksum>
  <location href="repodata/b7f76aec921aa1893350262fad2b7d3d4286442cae26b67c53bbeb79191ac0c5-filelists.sqlite.bz2"/>
  <timestamp>1666326900</timestamp>
  <database_version>10</database_version>
  <size>3679</size>
  <open-size>18432</open-size>
</data>
</repomd>
